{
"lengthUnit": "mil",
"components": {
	"fields": ["COMPONENT_NO", "COMPONENT_NAME", "LAYER", "X_COORDINATE", "Y_COORDINATE", "ANGLE"],
	"rows": [
		[1, "U1", "T", 760, 215, 0],
		[2, "U2", "T", 757.48, 825, 180]
	]
},
"pins": {
	"fields": ["PIN_NO", "PIN_NAME", "PIN_X", "PIN_Y", "LAYER", "PIN_TYPE", "NET_NAME", "NET_TYPE", "PAD_SHAPE", "PAD_SIZEX", "PAD_SIZEY", "HOLE_SIZE", "PAD_ANGLE"],
	"rows": [
		[1, "U1_2", 610, 215, "T", "DIP", "U1_2", "", "C", 62.99, 62.99, 40.16, 0],
		[2, "U1_2", 610, 215, "B", "DIP", "U1_2", "", "C", 62.99, 62.99, 40.16, 0],
		[3, "U1_2", 510, 215, "T", "DIP", "U1_A_2", "", "C", 62.99, 62.99, 40.16, 0],
		[4, "U1_2", 510, 215, "B", "DIP", "U1_A_2", "", "C", 62.99, 62.99, 40.16, 0],
		[5, "U1_3", 710, 215, "T", "DIP", "GND", "GND", "C", 62.99, 62.99, 40.16, 0],
		[6, "U1_3", 710, 215, "B", "DIP", "GND", "GND", "C", 62.99, 62.99, 40.16, 0],
		[7, "U1_4", 810, 215, "T", "DIP", "5V", "", "C", 62.99, 62.99, 40.16, 0],
		[8, "U1_4", 810, 215, "B", "DIP", "5V", "", "C", 62.99, 62.99, 40.16, 0],
		[9, "U1_5", 910, 215, "T", "DIP", "U1_5", "", "C", 62.99, 62.99, 40.16, 0],
		[10, "U1_5", 910, 215, "B", "DIP", "U1_5", "", "C", 62.99, 62.99, 40.16, 0],
		[11, "U1_6", 1010, 215, "T", "DIP", "U1_6", "", "C", 62.99, 62.99, 40.16, 0],
		[12, "U1_6", 1010, 215, "B", "DIP", "U1_6", "", "C", 62.99, 62.99, 40.16, 0],
		[13, "U2_25", 892.12, 817.63, "B", "SMD", "GND", "GND", "R", 23.62, 61.02, 0, 180],
		[14, "U2_25", 622.84, 817.62, "T", "SMD", "GND", "GND", "R", 23.62, 61.02, 0, 180],
		[15, "U2_A1", 649.22, 832.38, "T", "SMD", "GND", "GND", "R", 9.84, 51.18, 0, 180],
		[16, "U2_A10", 826.39, 832.38, "T", "SMD", "U2_A10", "", "R", 9.84, 51.18, 0, 180],
		[17, "U2_A11", 846.07, 832.38, "T", "SMD", "U2_A11", "", "R", 9.84, 51.18, 0, 180],
		[18, "U2_A12", 865.76, 832.38, "T", "SMD", "GND", "GND", "R", 9.84, 51.18, 0, 180],
		[19, "U2_A2", 668.91, 832.38, "T", "SMD", "U2_A2", "", "R", 9.84, 51.18, 0, 180],
		[20, "U2_A3", 688.59, 832.38, "T", "SMD", "U2_A3", "", "R", 9.84, 51.18, 0, 180],
		[21, "U2_A4", 708.28, 832.38, "T", "SMD", "5V", "", "R", 9.84, 51.18, 0, 180],
		[22, "U2_A5", 727.96, 832.38, "T", "SMD", "U2_A5", "", "R", 9.84, 51.18, 0, 180],
		[23, "U2_A6", 747.65, 832.38, "T", "SMD", "U2_A6", "", "R", 9.84, 51.18, 0, 180],
		[24, "U2_A7", 767.33, 832.38, "T", "SMD", "U2_A7", "", "R", 9.84, 51.18, 0, 180],
		[25, "U2_A8", 787.02, 832.38, "T", "SMD", "U2_A8", "", "R", 9.84, 51.18, 0, 180],
		[26, "U2_A9", 806.7, 832.38, "T", "SMD", "5V", "", "R", 9.84, 51.18, 0, 180],
		[27, "U2_B1", 865.75, 832.38, "B", "SMD", "GND", "GND", "R", 9.84, 51.18, 0, 180],
		[28, "U2_B10", 688.58, 832.38, "B", "SMD", "U2_B10", "", "R", 9.84, 51.18, 0, 180],
		[29, "U2_B11", 668.9, 832.38, "B", "SMD", "U2_B11", "", "R", 9.84, 51.18, 0, 180],
		[30, "U2_B12", 649.21, 832.38, "B", "SMD", "GND", "GND", "R", 9.84, 51.18, 0, 180],
		[31, "U2_B2", 846.05, 832.38, "B", "SMD", "U2_B2", "", "R", 9.84, 51.18, 0, 180],
		[32, "U2_B3", 826.38, 832.38, "B", "SMD", "U2_B3", "", "R", 9.84, 51.18, 0, 180],
		[33, "U2_B4", 806.69, 832.38, "B", "SMD", "5V", "", "R", 9.84, 51.18, 0, 180],
		[34, "U2_B5", 787.01, 832.38, "B", "SMD", "U2_B5", "", "R", 9.84, 51.18, 0, 180],
		[35, "U2_B6", 767.32, 832.38, "B", "SMD", "U2_B6", "", "R", 9.84, 51.18, 0, 180],
		[36, "U2_B7", 747.63, 832.38, "B", "SMD", "U2_B7", "", "R", 9.84, 51.18, 0, 180],
		[37, "U2_B8", 727.95, 832.38, "B", "SMD", "U2_B8", "", "R", 9.84, 51.18, 0, 180],
		[38, "U2_B9", 708.26, 832.38, "B", "SMD", "5V", "", "R", 9.84, 51.18, 0, 180]
	]
}
}